{"cameraMode":{"drawMode":0,"name":"Shaded","section":"Shading Mode"},"sceneLighting":false,"audioPlay":false,"sceneViewState":{"showFog":true,"showMaterialUpdate":false,"showSkybox":false,"showFlares":true,"showImageEffects":true,"showParticleSystems":true},"in2DMode":false,"pivot":{"x":-0.21696603298187257,"y":0.1917964220046997,"z":-0.2378978431224823},"rotation":{"x":0.17863091826438905,"y":0.8009375929832459,"z":-0.2908318042755127,"w":0.49194201827049258},"size":3.3815979957580568,"orthographic":false}