{"cameraMode":{"drawMode":0,"name":"Shaded","section":"Shading Mode"},"sceneLighting":false,"audioPlay":false,"sceneViewState":{"showFog":true,"showMaterialUpdate":false,"showSkybox":false,"showFlares":true,"showImageEffects":true,"showParticleSystems":true},"in2DMode":false,"pivot":{"x":-0.19510778784751893,"y":5.960464477539063e-8,"z":-9.313225746154785e-9},"rotation":{"x":-0.001332406303845346,"y":0.9970094561576843,"z":-0.07522666454315186,"w":-0.017647316679358484},"size":2.542945384979248,"orthographic":false}