{"cameraMode":{"drawMode":0,"name":"Shaded","section":"Shading Mode"},"sceneLighting":false,"audioPlay":false,"sceneViewState":{"showFog":true,"showMaterialUpdate":false,"showSkybox":false,"showFlares":true,"showImageEffects":true,"showParticleSystems":true},"in2DMode":false,"pivot":{"x":-0.14609494805335999,"y":0.0,"z":-1.862645149230957e-8},"rotation":{"x":-0.0006600219639949501,"y":0.9957627058029175,"z":-0.09167830646038056,"w":-0.0071687400341033939},"size":2.774473190307617,"orthographic":false}