{"cameraMode":{"drawMode":0,"name":"Shaded","section":"Shading Mode"},"sceneLighting":false,"audioPlay":false,"sceneViewState":{"showFog":true,"showMaterialUpdate":false,"showSkybox":false,"showFlares":true,"showImageEffects":true,"showParticleSystems":true},"in2DMode":false,"pivot":{"x":-0.0004436671733856201,"y":0.13650113344192506,"z":0.0010373704135417939},"rotation":{"x":-0.057402852922677997,"y":0.9234727025032044,"z":-0.15264125168323518,"w":-0.3472805321216583},"size":3.202641725540161,"orthographic":false}