{"cameraMode":{"drawMode":0,"name":"Shaded","section":"Shading Mode"},"sceneLighting":false,"audioPlay":false,"sceneViewState":{"showFog":true,"showMaterialUpdate":false,"showSkybox":false,"showFlares":true,"showImageEffects":true,"showParticleSystems":true},"in2DMode":false,"pivot":{"x":-1.694380813432872e-8,"y":0.37500014901161196,"z":0.4910661280155182},"rotation":{"x":0.17863091826438905,"y":0.8009375929832459,"z":-0.2908318042755127,"w":0.49194201827049258},"size":2.9389913082122804,"orthographic":false}