{"cameraMode":{"drawMode":0,"name":"Shaded","section":"Shading Mode"},"sceneLighting":false,"audioPlay":false,"sceneViewState":{"showFog":true,"showMaterialUpdate":false,"showSkybox":false,"showFlares":true,"showImageEffects":true,"showParticleSystems":true},"in2DMode":false,"pivot":{"x":-64.5524673461914,"y":-23.94057846069336,"z":12.642894744873047},"rotation":{"x":-0.07645945996046066,"y":0.6036462187767029,"z":-0.05831717327237129,"w":-0.7914318442344666},"size":3.108055353164673,"orthographic":false}