{"cameraMode":{"drawMode":0,"name":"Shaded","section":"Shading Mode"},"sceneLighting":false,"audioPlay":false,"sceneViewState":{"showFog":true,"showMaterialUpdate":false,"showSkybox":false,"showFlares":true,"showImageEffects":true,"showParticleSystems":true},"in2DMode":false,"pivot":{"x":-0.2019948661327362,"y":0.0,"z":-2.0116567611694337e-7},"rotation":{"x":-0.0006600219639949501,"y":0.9957627058029175,"z":-0.09167830646038056,"w":-0.0071687400341033939},"size":2.5488953590393068,"orthographic":false}