{"cameraMode":{"drawMode":0,"name":"Shaded","section":"Shading Mode"},"sceneLighting":false,"audioPlay":false,"sceneViewState":{"showFog":true,"showMaterialUpdate":false,"showSkybox":false,"showFlares":true,"showImageEffects":true,"showParticleSystems":true},"in2DMode":false,"pivot":{"x":-65.0,"y":-23.720504760742189,"z":13.000870704650879},"rotation":{"x":-0.03681933134794235,"y":0.6164593696594238,"z":-0.028877289965748788,"w":-0.7859950661659241},"size":4.748480796813965,"orthographic":false}