{"cameraMode":{"drawMode":0,"name":"Shaded","section":"Shading Mode"},"sceneLighting":false,"audioPlay":false,"sceneViewState":{"showFog":true,"showMaterialUpdate":false,"showSkybox":false,"showFlares":true,"showImageEffects":true,"showParticleSystems":true},"in2DMode":false,"pivot":{"x":0.31210899353027346,"y":0.15636491775512696,"z":-0.9602914452552795},"rotation":{"x":0.17863091826438905,"y":0.8009375929832459,"z":-0.2908318042755127,"w":0.49194201827049258},"size":8.063695907592774,"orthographic":false}