{"cameraMode":{"drawMode":0,"name":"Shaded","section":"Shading Mode"},"sceneLighting":false,"audioPlay":false,"sceneViewState":{"showFog":true,"showMaterialUpdate":false,"showSkybox":false,"showFlares":true,"showImageEffects":true,"showParticleSystems":true},"in2DMode":false,"pivot":{"x":3.8743019104003908e-7,"y":0.5230451226234436,"z":0.06664761900901795},"rotation":{"x":-0.03693334385752678,"y":0.954249918460846,"z":-0.13282997906208039,"w":-0.26532861590385439},"size":2.571258544921875,"orthographic":false}