{"cameraMode":{"drawMode":0,"name":"Shaded","section":"Shading Mode"},"sceneLighting":false,"audioPlay":false,"sceneViewState":{"showFog":true,"showMaterialUpdate":false,"showSkybox":false,"showFlares":true,"showImageEffects":true,"showParticleSystems":true},"in2DMode":false,"pivot":{"x":-0.01810091733932495,"y":0.2519768178462982,"z":3.166496753692627e-8},"rotation":{"x":-0.05811575800180435,"y":0.940209150314331,"z":-0.20660880208015443,"w":-0.2644658088684082},"size":1.992196798324585,"orthographic":false}