{"cameraMode":{"drawMode":0,"name":"Shaded","section":"Shading Mode"},"sceneLighting":false,"audioPlay":false,"sceneViewState":{"showFog":true,"showMaterialUpdate":false,"showSkybox":false,"showFlares":true,"showImageEffects":true,"showParticleSystems":true},"in2DMode":false,"pivot":{"x":-3.335385799407959,"y":0.40000006556510928,"z":0.8000000715255737},"rotation":{"x":0.17863091826438905,"y":0.8009375929832459,"z":-0.2908318042755127,"w":0.49194201827049258},"size":6.251611232757568,"orthographic":false}