{"cameraMode":{"drawMode":0,"name":"Shaded","section":"Shading Mode"},"sceneLighting":false,"audioPlay":false,"sceneViewState":{"showFog":true,"showMaterialUpdate":false,"showSkybox":false,"showFlares":true,"showImageEffects":true,"showParticleSystems":true},"in2DMode":false,"pivot":{"x":0.00010502338409423828,"y":0.8226534128189087,"z":-0.07891830801963806},"rotation":{"x":-0.0006600219639949501,"y":0.9957627058029175,"z":-0.09167830646038056,"w":-0.0071687400341033939},"size":3.424973964691162,"orthographic":false}