{"cameraMode":{"drawMode":0,"name":"Shaded","section":"Shading Mode"},"sceneLighting":false,"audioPlay":false,"sceneViewState":{"showFog":true,"showMaterialUpdate":false,"showSkybox":false,"showFlares":true,"showImageEffects":true,"showParticleSystems":true},"in2DMode":false,"pivot":{"x":0.03480243682861328,"y":0.31932732462882998,"z":-0.04288601875305176},"rotation":{"x":0.17863091826438905,"y":0.8009375929832459,"z":-0.2908318042755127,"w":0.49194201827049258},"size":12.289609909057618,"orthographic":false}